{"loss":{"0":0.7178946137,"1":0.7160311937,"2":0.7160532475,"3":0.7157714963,"4":0.7155646682,"5":0.7151715159,"6":0.7151736021,"7":0.7158420086,"8":0.7150363326,"9":0.7145739794,"10":0.71496135,"11":0.7146058083,"12":0.7151288986,"13":0.7151174545,"14":0.7153845429,"15":0.7148886323,"16":0.7152338624,"17":0.7154192328,"18":0.7151191831,"19":0.7147445679,"20":0.7148222327,"21":0.7148758769,"22":0.7143985033,"23":0.714759171,"24":0.7143293023,"25":0.7142353654,"26":0.7144308686,"27":0.7145696878,"28":0.7146129012,"29":0.7144777775,"30":0.7141484022,"31":0.7145591378,"32":0.7142416835,"33":0.7140831947,"34":0.7143876553,"35":0.7145414948,"36":0.7143309116,"37":0.7143478394,"38":0.7138856649,"39":0.7135359049,"40":0.7146823406,"41":0.7140735388,"42":0.7142577767,"43":0.7140079737,"44":0.714353919,"45":0.7145895362,"46":0.7138159871,"47":0.7142518163,"48":0.7141878009,"49":0.7144777775},"n2v_mse":{"0":0.8246594667,"1":0.8148947358,"2":0.8141328096,"3":0.8122660518,"4":0.8158603311,"5":0.8074401617,"6":0.8087917566,"7":0.8116819263,"8":0.8114118576,"9":0.8076362014,"10":0.8056854606,"11":0.8050529957,"12":0.8084577322,"13":0.8130016923,"14":0.8080678582,"15":0.8061301112,"16":0.8060218096,"17":0.8069962263,"18":0.8067761064,"19":0.8053956032,"20":0.8074019551,"21":0.8074939847,"22":0.8043004274,"23":0.8058701158,"24":0.8042225242,"25":0.8045453429,"26":0.8042758107,"27":0.8045704961,"28":0.8049791455,"29":0.8043730855,"30":0.8040396571,"31":0.8044731021,"32":0.8055284619,"33":0.8040066957,"34":0.8044085503,"35":0.80618608,"36":0.8044487238,"37":0.8057521582,"38":0.8039779663,"39":0.8024814129,"40":0.8046680093,"41":0.8035510182,"42":0.8036416769,"43":0.8034350872,"44":0.8045229912,"45":0.8051439524,"46":0.8035426736,"47":0.8035136461,"48":0.8046855927,"49":0.8040804863},"n2v_abs":{"0":0.7178946137,"1":0.7160311937,"2":0.7160532475,"3":0.7157714963,"4":0.7155646682,"5":0.7151715159,"6":0.7151736021,"7":0.7158420086,"8":0.7150363326,"9":0.7145739794,"10":0.71496135,"11":0.7146058083,"12":0.7151288986,"13":0.7151174545,"14":0.7153845429,"15":0.7148886323,"16":0.7152338624,"17":0.7154192328,"18":0.7151191831,"19":0.7147445679,"20":0.7148222327,"21":0.7148758769,"22":0.7143985033,"23":0.714759171,"24":0.7143293023,"25":0.7142353654,"26":0.7144308686,"27":0.7145696878,"28":0.7146129012,"29":0.7144777775,"30":0.7141484022,"31":0.7145591378,"32":0.7142416835,"33":0.7140831947,"34":0.7143876553,"35":0.7145414948,"36":0.7143309116,"37":0.7143478394,"38":0.7138856649,"39":0.7135359049,"40":0.7146823406,"41":0.7140735388,"42":0.7142577767,"43":0.7140079737,"44":0.714353919,"45":0.7145895362,"46":0.7138159871,"47":0.7142518163,"48":0.7141878009,"49":0.7144777775},"val_loss":{"0":0.7173300982,"1":0.7168172598,"2":0.7161157727,"3":0.7163029909,"4":0.7164381146,"5":0.7155709863,"6":0.7155575752,"7":0.71546942,"8":0.714938283,"9":0.7169454694,"10":0.7151433825,"11":0.7151686549,"12":0.7148590088,"13":0.7148938179,"14":0.7146294117,"15":0.7147385478,"16":0.7149253488,"17":0.715490222,"18":0.7145172954,"19":0.7149403095,"20":0.7151215076,"21":0.714710474,"22":0.7146803141,"23":0.7148910165,"24":0.7150764465,"25":0.715474546,"26":0.7154169083,"27":0.7146502733,"28":0.7144652605,"29":0.7145567536,"30":0.7144268751,"31":0.7143813372,"32":0.7149092555,"33":0.7146445513,"34":0.7144995928,"35":0.7144461274,"36":0.7144619823,"37":0.7143944502,"38":0.7143481374,"39":0.7143888474,"40":0.714435637,"41":0.7144775391,"42":0.7143220305,"43":0.7143914104,"44":0.7144818306,"45":0.7143437862,"46":0.7143777609,"47":0.7143608332,"48":0.7143588066,"49":0.7143191099},"val_n2v_mse":{"0":0.9307783246,"1":0.8769993186,"2":0.8612774014,"3":0.8165967464,"4":0.8281492591,"5":0.8121756911,"6":0.8109056354,"7":0.8096391559,"8":0.8083083034,"9":0.8226199746,"10":0.8129131198,"11":0.8107579947,"12":0.8097830415,"13":0.8086982369,"14":0.8053386807,"15":0.8067261577,"16":0.8076421022,"17":0.8065894842,"18":0.8046657443,"19":0.8056641221,"20":0.8075834513,"21":0.8065107465,"22":0.8064867258,"23":0.8098663092,"24":0.8088481426,"25":0.8238994479,"26":0.8063076138,"27":0.8057105541,"28":0.8048273325,"29":0.808604598,"30":0.8044247627,"31":0.804173708,"32":0.8097167611,"33":0.8142554164,"34":0.8054946065,"35":0.804567039,"36":0.8056032658,"37":0.8042276502,"38":0.8042106032,"39":0.8053404093,"40":0.8045462966,"41":0.8082567453,"42":0.8044932485,"43":0.8043546677,"44":0.8053001165,"45":0.8044422865,"46":0.8058043718,"47":0.8044129014,"48":0.8041330576,"49":0.8049557209},"val_n2v_abs":{"0":0.7173300982,"1":0.7168172598,"2":0.7161157727,"3":0.7163029909,"4":0.7164381146,"5":0.7155709863,"6":0.7155575752,"7":0.71546942,"8":0.714938283,"9":0.7169454694,"10":0.7151433825,"11":0.7151686549,"12":0.7148590088,"13":0.7148938179,"14":0.7146294117,"15":0.7147385478,"16":0.7149253488,"17":0.715490222,"18":0.7145172954,"19":0.7149403095,"20":0.7151215076,"21":0.714710474,"22":0.7146803141,"23":0.7148910165,"24":0.7150764465,"25":0.715474546,"26":0.7154169083,"27":0.7146502733,"28":0.7144652605,"29":0.7145567536,"30":0.7144268751,"31":0.7143813372,"32":0.7149092555,"33":0.7146445513,"34":0.7144995928,"35":0.7144461274,"36":0.7144619823,"37":0.7143944502,"38":0.7143481374,"39":0.7143888474,"40":0.714435637,"41":0.7144775391,"42":0.7143220305,"43":0.7143914104,"44":0.7144818306,"45":0.7143437862,"46":0.7143777609,"47":0.7143608332,"48":0.7143588066,"49":0.7143191099},"lr":{"0":0.0004,"1":0.0004,"2":0.0004,"3":0.0004,"4":0.0004,"5":0.0004,"6":0.0004,"7":0.0004,"8":0.0004,"9":0.0004,"10":0.0004,"11":0.0004,"12":0.0004,"13":0.0004,"14":0.0004,"15":0.0004,"16":0.0004,"17":0.0004,"18":0.0004,"19":0.0004,"20":0.0004,"21":0.0004,"22":0.0004,"23":0.0004,"24":0.0004,"25":0.0004,"26":0.0004,"27":0.0004,"28":0.0004,"29":0.0002,"30":0.0002,"31":0.0002,"32":0.0002,"33":0.0002,"34":0.0002,"35":0.0002,"36":0.0002,"37":0.0002,"38":0.0002,"39":0.0002,"40":0.0002,"41":0.0002,"42":0.0001,"43":0.0001,"44":0.0001,"45":0.0001,"46":0.0001,"47":0.0001,"48":0.0001,"49":0.0001}}